image_stem,fine_class,review_status,review_note
000,missing_disc_drop,visual_reviewed_contact_sheet,CPLID synthetic defect appears as missing/broken insulator disc or shed in the annotated defect box.
001,missing_disc_drop,visual_reviewed_contact_sheet,CPLID synthetic defect appears as missing/broken insulator disc or shed in the annotated defect box.
002,missing_disc_drop,visual_reviewed_contact_sheet,CPLID synthetic defect appears as missing/broken insulator disc or shed in the annotated defect box.
003,missing_disc_drop,visual_reviewed_contact_sheet,CPLID synthetic defect appears as missing/broken insulator disc or shed in the annotated defect box.
004,missing_disc_drop,visual_reviewed_contact_sheet,CPLID synthetic defect appears as missing/broken insulator disc or shed in the annotated defect box.
005,missing_disc_drop,visual_reviewed_contact_sheet,CPLID synthetic defect appears as missing/broken insulator disc or shed in the annotated defect box.
006,missing_disc_drop,visual_reviewed_contact_sheet,CPLID synthetic defect appears as missing/broken insulator disc or shed in the annotated defect box.
007,missing_disc_drop,visual_reviewed_contact_sheet,CPLID synthetic defect appears as missing/broken insulator disc or shed in the annotated defect box.
008,missing_disc_drop,visual_reviewed_contact_sheet,CPLID synthetic defect appears as missing/broken insulator disc or shed in the annotated defect box.
009,missing_disc_drop,visual_reviewed_contact_sheet,CPLID synthetic defect appears as missing/broken insulator disc or shed in the annotated defect box.
010,missing_disc_drop,visual_reviewed_contact_sheet,CPLID synthetic defect appears as missing/broken insulator disc or shed in the annotated defect box.
011,missing_disc_drop,visual_reviewed_contact_sheet,CPLID synthetic defect appears as missing/broken insulator disc or shed in the annotated defect box.
012,missing_disc_drop,visual_reviewed_contact_sheet,CPLID synthetic defect appears as missing/broken insulator disc or shed in the annotated defect box.
013,missing_disc_drop,visual_reviewed_contact_sheet,CPLID synthetic defect appears as missing/broken insulator disc or shed in the annotated defect box.
014,missing_disc_drop,visual_reviewed_contact_sheet,CPLID synthetic defect appears as missing/broken insulator disc or shed in the annotated defect box.
015,missing_disc_drop,visual_reviewed_contact_sheet,CPLID synthetic defect appears as missing/broken insulator disc or shed in the annotated defect box.
016,missing_disc_drop,visual_reviewed_contact_sheet,CPLID synthetic defect appears as missing/broken insulator disc or shed in the annotated defect box.
017,missing_disc_drop,visual_reviewed_contact_sheet,CPLID synthetic defect appears as missing/broken insulator disc or shed in the annotated defect box.
018,missing_disc_drop,visual_reviewed_contact_sheet,CPLID synthetic defect appears as missing/broken insulator disc or shed in the annotated defect box.
019,missing_disc_drop,visual_reviewed_contact_sheet,CPLID synthetic defect appears as missing/broken insulator disc or shed in the annotated defect box.
020,missing_disc_drop,visual_reviewed_contact_sheet,CPLID synthetic defect appears as missing/broken insulator disc or shed in the annotated defect box.
021,missing_disc_drop,visual_reviewed_contact_sheet,CPLID synthetic defect appears as missing/broken insulator disc or shed in the annotated defect box.
022,missing_disc_drop,visual_reviewed_contact_sheet,CPLID synthetic defect appears as missing/broken insulator disc or shed in the annotated defect box.
023,missing_disc_drop,visual_reviewed_contact_sheet,CPLID synthetic defect appears as missing/broken insulator disc or shed in the annotated defect box.
024,missing_disc_drop,visual_reviewed_contact_sheet,CPLID synthetic defect appears as missing/broken insulator disc or shed in the annotated defect box.
025,missing_disc_drop,visual_reviewed_contact_sheet,CPLID synthetic defect appears as missing/broken insulator disc or shed in the annotated defect box.
026,missing_disc_drop,visual_reviewed_contact_sheet,CPLID synthetic defect appears as missing/broken insulator disc or shed in the annotated defect box.
027,missing_disc_drop,visual_reviewed_contact_sheet,CPLID synthetic defect appears as missing/broken insulator disc or shed in the annotated defect box.
028,missing_disc_drop,visual_reviewed_contact_sheet,CPLID synthetic defect appears as missing/broken insulator disc or shed in the annotated defect box.
029,missing_disc_drop,visual_reviewed_contact_sheet,CPLID synthetic defect appears as missing/broken insulator disc or shed in the annotated defect box.
030,missing_disc_drop,visual_reviewed_contact_sheet,CPLID synthetic defect appears as missing/broken insulator disc or shed in the annotated defect box.
031,missing_disc_drop,visual_reviewed_contact_sheet,CPLID synthetic defect appears as missing/broken insulator disc or shed in the annotated defect box.
032,missing_disc_drop,visual_reviewed_contact_sheet,CPLID synthetic defect appears as missing/broken insulator disc or shed in the annotated defect box.
033,missing_disc_drop,visual_reviewed_contact_sheet,CPLID synthetic defect appears as missing/broken insulator disc or shed in the annotated defect box.
034,missing_disc_drop,visual_reviewed_contact_sheet,CPLID synthetic defect appears as missing/broken insulator disc or shed in the annotated defect box.
035,missing_disc_drop,visual_reviewed_contact_sheet,CPLID synthetic defect appears as missing/broken insulator disc or shed in the annotated defect box.
036,missing_disc_drop,visual_reviewed_contact_sheet,CPLID synthetic defect appears as missing/broken insulator disc or shed in the annotated defect box.
037,missing_disc_drop,visual_reviewed_contact_sheet,CPLID synthetic defect appears as missing/broken insulator disc or shed in the annotated defect box.
038,missing_disc_drop,visual_reviewed_contact_sheet,CPLID synthetic defect appears as missing/broken insulator disc or shed in the annotated defect box.
039,missing_disc_drop,visual_reviewed_contact_sheet,CPLID synthetic defect appears as missing/broken insulator disc or shed in the annotated defect box.
040,missing_disc_drop,visual_reviewed_contact_sheet,CPLID synthetic defect appears as missing/broken insulator disc or shed in the annotated defect box.
041,missing_disc_drop,visual_reviewed_contact_sheet,CPLID synthetic defect appears as missing/broken insulator disc or shed in the annotated defect box.
042,missing_disc_drop,visual_reviewed_contact_sheet,CPLID synthetic defect appears as missing/broken insulator disc or shed in the annotated defect box.
043,missing_disc_drop,visual_reviewed_contact_sheet,CPLID synthetic defect appears as missing/broken insulator disc or shed in the annotated defect box.
044,missing_disc_drop,visual_reviewed_contact_sheet,CPLID synthetic defect appears as missing/broken insulator disc or shed in the annotated defect box.
045,missing_disc_drop,visual_reviewed_contact_sheet,CPLID synthetic defect appears as missing/broken insulator disc or shed in the annotated defect box.
046,missing_disc_drop,visual_reviewed_contact_sheet,CPLID synthetic defect appears as missing/broken insulator disc or shed in the annotated defect box.
047,missing_disc_drop,visual_reviewed_contact_sheet,CPLID synthetic defect appears as missing/broken insulator disc or shed in the annotated defect box.
048,missing_disc_drop,visual_reviewed_contact_sheet,CPLID synthetic defect appears as missing/broken insulator disc or shed in the annotated defect box.
049,missing_disc_drop,visual_reviewed_contact_sheet,CPLID synthetic defect appears as missing/broken insulator disc or shed in the annotated defect box.
050,missing_disc_drop,visual_reviewed_contact_sheet,CPLID synthetic defect appears as missing/broken insulator disc or shed in the annotated defect box.
051,missing_disc_drop,visual_reviewed_contact_sheet,CPLID synthetic defect appears as missing/broken insulator disc or shed in the annotated defect box.
052,missing_disc_drop,visual_reviewed_contact_sheet,CPLID synthetic defect appears as missing/broken insulator disc or shed in the annotated defect box.
053,missing_disc_drop,visual_reviewed_contact_sheet,CPLID synthetic defect appears as missing/broken insulator disc or shed in the annotated defect box.
054,missing_disc_drop,visual_reviewed_contact_sheet,CPLID synthetic defect appears as missing/broken insulator disc or shed in the annotated defect box.
055,missing_disc_drop,visual_reviewed_contact_sheet,CPLID synthetic defect appears as missing/broken insulator disc or shed in the annotated defect box.
056,missing_disc_drop,visual_reviewed_contact_sheet,CPLID synthetic defect appears as missing/broken insulator disc or shed in the annotated defect box.
057,missing_disc_drop,visual_reviewed_contact_sheet,CPLID synthetic defect appears as missing/broken insulator disc or shed in the annotated defect box.
058,missing_disc_drop,visual_reviewed_contact_sheet,CPLID synthetic defect appears as missing/broken insulator disc or shed in the annotated defect box.
059,missing_disc_drop,visual_reviewed_contact_sheet,CPLID synthetic defect appears as missing/broken insulator disc or shed in the annotated defect box.
060,missing_disc_drop,visual_reviewed_contact_sheet,CPLID synthetic defect appears as missing/broken insulator disc or shed in the annotated defect box.
061,missing_disc_drop,visual_reviewed_contact_sheet,CPLID synthetic defect appears as missing/broken insulator disc or shed in the annotated defect box.
062,missing_disc_drop,visual_reviewed_contact_sheet,CPLID synthetic defect appears as missing/broken insulator disc or shed in the annotated defect box.
063,missing_disc_drop,visual_reviewed_contact_sheet,CPLID synthetic defect appears as missing/broken insulator disc or shed in the annotated defect box.
064,missing_disc_drop,visual_reviewed_contact_sheet,CPLID synthetic defect appears as missing/broken insulator disc or shed in the annotated defect box.
065,missing_disc_drop,visual_reviewed_contact_sheet,CPLID synthetic defect appears as missing/broken insulator disc or shed in the annotated defect box.
066,missing_disc_drop,visual_reviewed_contact_sheet,CPLID synthetic defect appears as missing/broken insulator disc or shed in the annotated defect box.
067,missing_disc_drop,visual_reviewed_contact_sheet,CPLID synthetic defect appears as missing/broken insulator disc or shed in the annotated defect box.
068,missing_disc_drop,visual_reviewed_contact_sheet,CPLID synthetic defect appears as missing/broken insulator disc or shed in the annotated defect box.
069,missing_disc_drop,visual_reviewed_contact_sheet,CPLID synthetic defect appears as missing/broken insulator disc or shed in the annotated defect box.
070,missing_disc_drop,visual_reviewed_contact_sheet,CPLID synthetic defect appears as missing/broken insulator disc or shed in the annotated defect box.
071,missing_disc_drop,visual_reviewed_contact_sheet,CPLID synthetic defect appears as missing/broken insulator disc or shed in the annotated defect box.
072,missing_disc_drop,visual_reviewed_contact_sheet,CPLID synthetic defect appears as missing/broken insulator disc or shed in the annotated defect box.
073,missing_disc_drop,visual_reviewed_contact_sheet,CPLID synthetic defect appears as missing/broken insulator disc or shed in the annotated defect box.
074,missing_disc_drop,visual_reviewed_contact_sheet,CPLID synthetic defect appears as missing/broken insulator disc or shed in the annotated defect box.
075,missing_disc_drop,visual_reviewed_contact_sheet,CPLID synthetic defect appears as missing/broken insulator disc or shed in the annotated defect box.
076,missing_disc_drop,visual_reviewed_contact_sheet,CPLID synthetic defect appears as missing/broken insulator disc or shed in the annotated defect box.
077,missing_disc_drop,visual_reviewed_contact_sheet,CPLID synthetic defect appears as missing/broken insulator disc or shed in the annotated defect box.
078,missing_disc_drop,visual_reviewed_contact_sheet,CPLID synthetic defect appears as missing/broken insulator disc or shed in the annotated defect box.
079,missing_disc_drop,visual_reviewed_contact_sheet,CPLID synthetic defect appears as missing/broken insulator disc or shed in the annotated defect box.
080,missing_disc_drop,visual_reviewed_contact_sheet,CPLID synthetic defect appears as missing/broken insulator disc or shed in the annotated defect box.
081,missing_disc_drop,visual_reviewed_contact_sheet,CPLID synthetic defect appears as missing/broken insulator disc or shed in the annotated defect box.
082,missing_disc_drop,visual_reviewed_contact_sheet,CPLID synthetic defect appears as missing/broken insulator disc or shed in the annotated defect box.
083,missing_disc_drop,visual_reviewed_contact_sheet,CPLID synthetic defect appears as missing/broken insulator disc or shed in the annotated defect box.
084,missing_disc_drop,visual_reviewed_contact_sheet,CPLID synthetic defect appears as missing/broken insulator disc or shed in the annotated defect box.
085,missing_disc_drop,visual_reviewed_contact_sheet,CPLID synthetic defect appears as missing/broken insulator disc or shed in the annotated defect box.
086,missing_disc_drop,visual_reviewed_contact_sheet,CPLID synthetic defect appears as missing/broken insulator disc or shed in the annotated defect box.
087,missing_disc_drop,visual_reviewed_contact_sheet,CPLID synthetic defect appears as missing/broken insulator disc or shed in the annotated defect box.
088,missing_disc_drop,visual_reviewed_contact_sheet,CPLID synthetic defect appears as missing/broken insulator disc or shed in the annotated defect box.
089,missing_disc_drop,visual_reviewed_contact_sheet,CPLID synthetic defect appears as missing/broken insulator disc or shed in the annotated defect box.
090,missing_disc_drop,visual_reviewed_contact_sheet,CPLID synthetic defect appears as missing/broken insulator disc or shed in the annotated defect box.
091,missing_disc_drop,visual_reviewed_contact_sheet,CPLID synthetic defect appears as missing/broken insulator disc or shed in the annotated defect box.
092,missing_disc_drop,visual_reviewed_contact_sheet,CPLID synthetic defect appears as missing/broken insulator disc or shed in the annotated defect box.
093,missing_disc_drop,visual_reviewed_contact_sheet,CPLID synthetic defect appears as missing/broken insulator disc or shed in the annotated defect box.
094,missing_disc_drop,visual_reviewed_contact_sheet,CPLID synthetic defect appears as missing/broken insulator disc or shed in the annotated defect box.
095,missing_disc_drop,visual_reviewed_contact_sheet,CPLID synthetic defect appears as missing/broken insulator disc or shed in the annotated defect box.
096,missing_disc_drop,visual_reviewed_contact_sheet,CPLID synthetic defect appears as missing/broken insulator disc or shed in the annotated defect box.
097,missing_disc_drop,visual_reviewed_contact_sheet,CPLID synthetic defect appears as missing/broken insulator disc or shed in the annotated defect box.
098,missing_disc_drop,visual_reviewed_contact_sheet,CPLID synthetic defect appears as missing/broken insulator disc or shed in the annotated defect box.
099,missing_disc_drop,visual_reviewed_contact_sheet,CPLID synthetic defect appears as missing/broken insulator disc or shed in the annotated defect box.
100,missing_disc_drop,visual_reviewed_contact_sheet,CPLID synthetic defect appears as missing/broken insulator disc or shed in the annotated defect box.
101,missing_disc_drop,visual_reviewed_contact_sheet,CPLID synthetic defect appears as missing/broken insulator disc or shed in the annotated defect box.
102,missing_disc_drop,visual_reviewed_contact_sheet,CPLID synthetic defect appears as missing/broken insulator disc or shed in the annotated defect box.
103,missing_disc_drop,visual_reviewed_contact_sheet,CPLID synthetic defect appears as missing/broken insulator disc or shed in the annotated defect box.
104,missing_disc_drop,visual_reviewed_contact_sheet,CPLID synthetic defect appears as missing/broken insulator disc or shed in the annotated defect box.
105,missing_disc_drop,visual_reviewed_contact_sheet,CPLID synthetic defect appears as missing/broken insulator disc or shed in the annotated defect box.
106,missing_disc_drop,visual_reviewed_contact_sheet,CPLID synthetic defect appears as missing/broken insulator disc or shed in the annotated defect box.
107,missing_disc_drop,visual_reviewed_contact_sheet,CPLID synthetic defect appears as missing/broken insulator disc or shed in the annotated defect box.
108,missing_disc_drop,visual_reviewed_contact_sheet,CPLID synthetic defect appears as missing/broken insulator disc or shed in the annotated defect box.
109,missing_disc_drop,visual_reviewed_contact_sheet,CPLID synthetic defect appears as missing/broken insulator disc or shed in the annotated defect box.
110,missing_disc_drop,visual_reviewed_contact_sheet,CPLID synthetic defect appears as missing/broken insulator disc or shed in the annotated defect box.
111,missing_disc_drop,visual_reviewed_contact_sheet,CPLID synthetic defect appears as missing/broken insulator disc or shed in the annotated defect box.
112,missing_disc_drop,visual_reviewed_contact_sheet,CPLID synthetic defect appears as missing/broken insulator disc or shed in the annotated defect box.
113,missing_disc_drop,visual_reviewed_contact_sheet,CPLID synthetic defect appears as missing/broken insulator disc or shed in the annotated defect box.
114,missing_disc_drop,visual_reviewed_contact_sheet,CPLID synthetic defect appears as missing/broken insulator disc or shed in the annotated defect box.
115,missing_disc_drop,visual_reviewed_contact_sheet,CPLID synthetic defect appears as missing/broken insulator disc or shed in the annotated defect box.
116,missing_disc_drop,visual_reviewed_contact_sheet,CPLID synthetic defect appears as missing/broken insulator disc or shed in the annotated defect box.
117,missing_disc_drop,visual_reviewed_contact_sheet,CPLID synthetic defect appears as missing/broken insulator disc or shed in the annotated defect box.
118,missing_disc_drop,visual_reviewed_contact_sheet,CPLID synthetic defect appears as missing/broken insulator disc or shed in the annotated defect box.
119,missing_disc_drop,visual_reviewed_contact_sheet,CPLID synthetic defect appears as missing/broken insulator disc or shed in the annotated defect box.
120,missing_disc_drop,visual_reviewed_contact_sheet,CPLID synthetic defect appears as missing/broken insulator disc or shed in the annotated defect box.
121,missing_disc_drop,visual_reviewed_contact_sheet,CPLID synthetic defect appears as missing/broken insulator disc or shed in the annotated defect box.
122,missing_disc_drop,visual_reviewed_contact_sheet,CPLID synthetic defect appears as missing/broken insulator disc or shed in the annotated defect box.
123,missing_disc_drop,visual_reviewed_contact_sheet,CPLID synthetic defect appears as missing/broken insulator disc or shed in the annotated defect box.
124,missing_disc_drop,visual_reviewed_contact_sheet,CPLID synthetic defect appears as missing/broken insulator disc or shed in the annotated defect box.
125,missing_disc_drop,visual_reviewed_contact_sheet,CPLID synthetic defect appears as missing/broken insulator disc or shed in the annotated defect box.
126,missing_disc_drop,visual_reviewed_contact_sheet,CPLID synthetic defect appears as missing/broken insulator disc or shed in the annotated defect box.
127,missing_disc_drop,visual_reviewed_contact_sheet,CPLID synthetic defect appears as missing/broken insulator disc or shed in the annotated defect box.
128,missing_disc_drop,visual_reviewed_contact_sheet,CPLID synthetic defect appears as missing/broken insulator disc or shed in the annotated defect box.
129,missing_disc_drop,visual_reviewed_contact_sheet,CPLID synthetic defect appears as missing/broken insulator disc or shed in the annotated defect box.
130,missing_disc_drop,visual_reviewed_contact_sheet,CPLID synthetic defect appears as missing/broken insulator disc or shed in the annotated defect box.
131,missing_disc_drop,visual_reviewed_contact_sheet,CPLID synthetic defect appears as missing/broken insulator disc or shed in the annotated defect box.
132,missing_disc_drop,visual_reviewed_contact_sheet,CPLID synthetic defect appears as missing/broken insulator disc or shed in the annotated defect box.
133,missing_disc_drop,visual_reviewed_contact_sheet,CPLID synthetic defect appears as missing/broken insulator disc or shed in the annotated defect box.
134,missing_disc_drop,visual_reviewed_contact_sheet,CPLID synthetic defect appears as missing/broken insulator disc or shed in the annotated defect box.
135,missing_disc_drop,visual_reviewed_contact_sheet,CPLID synthetic defect appears as missing/broken insulator disc or shed in the annotated defect box.
136,missing_disc_drop,visual_reviewed_contact_sheet,CPLID synthetic defect appears as missing/broken insulator disc or shed in the annotated defect box.
137,missing_disc_drop,visual_reviewed_contact_sheet,CPLID synthetic defect appears as missing/broken insulator disc or shed in the annotated defect box.
138,missing_disc_drop,visual_reviewed_contact_sheet,CPLID synthetic defect appears as missing/broken insulator disc or shed in the annotated defect box.
139,missing_disc_drop,visual_reviewed_contact_sheet,CPLID synthetic defect appears as missing/broken insulator disc or shed in the annotated defect box.
140,missing_disc_drop,visual_reviewed_contact_sheet,CPLID synthetic defect appears as missing/broken insulator disc or shed in the annotated defect box.
141,missing_disc_drop,visual_reviewed_contact_sheet,CPLID synthetic defect appears as missing/broken insulator disc or shed in the annotated defect box.
142,missing_disc_drop,visual_reviewed_contact_sheet,CPLID synthetic defect appears as missing/broken insulator disc or shed in the annotated defect box.
143,missing_disc_drop,visual_reviewed_contact_sheet,CPLID synthetic defect appears as missing/broken insulator disc or shed in the annotated defect box.
144,missing_disc_drop,visual_reviewed_contact_sheet,CPLID synthetic defect appears as missing/broken insulator disc or shed in the annotated defect box.
145,missing_disc_drop,visual_reviewed_contact_sheet,CPLID synthetic defect appears as missing/broken insulator disc or shed in the annotated defect box.
146,missing_disc_drop,visual_reviewed_contact_sheet,CPLID synthetic defect appears as missing/broken insulator disc or shed in the annotated defect box.
147,missing_disc_drop,visual_reviewed_contact_sheet,CPLID synthetic defect appears as missing/broken insulator disc or shed in the annotated defect box.
148,missing_disc_drop,visual_reviewed_contact_sheet,CPLID synthetic defect appears as missing/broken insulator disc or shed in the annotated defect box.
149,missing_disc_drop,visual_reviewed_contact_sheet,CPLID synthetic defect appears as missing/broken insulator disc or shed in the annotated defect box.
150,missing_disc_drop,visual_reviewed_contact_sheet,CPLID synthetic defect appears as missing/broken insulator disc or shed in the annotated defect box.
151,missing_disc_drop,visual_reviewed_contact_sheet,CPLID synthetic defect appears as missing/broken insulator disc or shed in the annotated defect box.
152,missing_disc_drop,visual_reviewed_contact_sheet,CPLID synthetic defect appears as missing/broken insulator disc or shed in the annotated defect box.
153,missing_disc_drop,visual_reviewed_contact_sheet,CPLID synthetic defect appears as missing/broken insulator disc or shed in the annotated defect box.
154,missing_disc_drop,visual_reviewed_contact_sheet,CPLID synthetic defect appears as missing/broken insulator disc or shed in the annotated defect box.
155,missing_disc_drop,visual_reviewed_contact_sheet,CPLID synthetic defect appears as missing/broken insulator disc or shed in the annotated defect box.
156,missing_disc_drop,visual_reviewed_contact_sheet,CPLID synthetic defect appears as missing/broken insulator disc or shed in the annotated defect box.
157,missing_disc_drop,visual_reviewed_contact_sheet,CPLID synthetic defect appears as missing/broken insulator disc or shed in the annotated defect box.
158,missing_disc_drop,visual_reviewed_contact_sheet,CPLID synthetic defect appears as missing/broken insulator disc or shed in the annotated defect box.
159,missing_disc_drop,visual_reviewed_contact_sheet,CPLID synthetic defect appears as missing/broken insulator disc or shed in the annotated defect box.
160,missing_disc_drop,visual_reviewed_contact_sheet,CPLID synthetic defect appears as missing/broken insulator disc or shed in the annotated defect box.
161,missing_disc_drop,visual_reviewed_contact_sheet,CPLID synthetic defect appears as missing/broken insulator disc or shed in the annotated defect box.
162,missing_disc_drop,visual_reviewed_contact_sheet,CPLID synthetic defect appears as missing/broken insulator disc or shed in the annotated defect box.
163,missing_disc_drop,visual_reviewed_contact_sheet,CPLID synthetic defect appears as missing/broken insulator disc or shed in the annotated defect box.
164,missing_disc_drop,visual_reviewed_contact_sheet,CPLID synthetic defect appears as missing/broken insulator disc or shed in the annotated defect box.
165,missing_disc_drop,visual_reviewed_contact_sheet,CPLID synthetic defect appears as missing/broken insulator disc or shed in the annotated defect box.
166,missing_disc_drop,visual_reviewed_contact_sheet,CPLID synthetic defect appears as missing/broken insulator disc or shed in the annotated defect box.
167,missing_disc_drop,visual_reviewed_contact_sheet,CPLID synthetic defect appears as missing/broken insulator disc or shed in the annotated defect box.
168,missing_disc_drop,visual_reviewed_contact_sheet,CPLID synthetic defect appears as missing/broken insulator disc or shed in the annotated defect box.
169,missing_disc_drop,visual_reviewed_contact_sheet,CPLID synthetic defect appears as missing/broken insulator disc or shed in the annotated defect box.
170,missing_disc_drop,visual_reviewed_contact_sheet,CPLID synthetic defect appears as missing/broken insulator disc or shed in the annotated defect box.
171,missing_disc_drop,visual_reviewed_contact_sheet,CPLID synthetic defect appears as missing/broken insulator disc or shed in the annotated defect box.
172,missing_disc_drop,visual_reviewed_contact_sheet,CPLID synthetic defect appears as missing/broken insulator disc or shed in the annotated defect box.
173,missing_disc_drop,visual_reviewed_contact_sheet,CPLID synthetic defect appears as missing/broken insulator disc or shed in the annotated defect box.
174,missing_disc_drop,visual_reviewed_contact_sheet,CPLID synthetic defect appears as missing/broken insulator disc or shed in the annotated defect box.
175,missing_disc_drop,visual_reviewed_contact_sheet,CPLID synthetic defect appears as missing/broken insulator disc or shed in the annotated defect box.
176,missing_disc_drop,visual_reviewed_contact_sheet,CPLID synthetic defect appears as missing/broken insulator disc or shed in the annotated defect box.
177,missing_disc_drop,visual_reviewed_contact_sheet,CPLID synthetic defect appears as missing/broken insulator disc or shed in the annotated defect box.
178,missing_disc_drop,visual_reviewed_contact_sheet,CPLID synthetic defect appears as missing/broken insulator disc or shed in the annotated defect box.
179,missing_disc_drop,visual_reviewed_contact_sheet,CPLID synthetic defect appears as missing/broken insulator disc or shed in the annotated defect box.
180,missing_disc_drop,visual_reviewed_contact_sheet,CPLID synthetic defect appears as missing/broken insulator disc or shed in the annotated defect box.
181,missing_disc_drop,visual_reviewed_contact_sheet,CPLID synthetic defect appears as missing/broken insulator disc or shed in the annotated defect box.
182,missing_disc_drop,visual_reviewed_contact_sheet,CPLID synthetic defect appears as missing/broken insulator disc or shed in the annotated defect box.
183,missing_disc_drop,visual_reviewed_contact_sheet,CPLID synthetic defect appears as missing/broken insulator disc or shed in the annotated defect box.
184,missing_disc_drop,visual_reviewed_contact_sheet,CPLID synthetic defect appears as missing/broken insulator disc or shed in the annotated defect box.
185,missing_disc_drop,visual_reviewed_contact_sheet,CPLID synthetic defect appears as missing/broken insulator disc or shed in the annotated defect box.
186,missing_disc_drop,visual_reviewed_contact_sheet,CPLID synthetic defect appears as missing/broken insulator disc or shed in the annotated defect box.
187,missing_disc_drop,visual_reviewed_contact_sheet,CPLID synthetic defect appears as missing/broken insulator disc or shed in the annotated defect box.
188,missing_disc_drop,visual_reviewed_contact_sheet,CPLID synthetic defect appears as missing/broken insulator disc or shed in the annotated defect box.
189,missing_disc_drop,visual_reviewed_contact_sheet,CPLID synthetic defect appears as missing/broken insulator disc or shed in the annotated defect box.
190,missing_disc_drop,visual_reviewed_contact_sheet,CPLID synthetic defect appears as missing/broken insulator disc or shed in the annotated defect box.
191,missing_disc_drop,visual_reviewed_contact_sheet,CPLID synthetic defect appears as missing/broken insulator disc or shed in the annotated defect box.
192,missing_disc_drop,visual_reviewed_contact_sheet,CPLID synthetic defect appears as missing/broken insulator disc or shed in the annotated defect box.
193,missing_disc_drop,visual_reviewed_contact_sheet,CPLID synthetic defect appears as missing/broken insulator disc or shed in the annotated defect box.
194,missing_disc_drop,visual_reviewed_contact_sheet,CPLID synthetic defect appears as missing/broken insulator disc or shed in the annotated defect box.
195,missing_disc_drop,visual_reviewed_contact_sheet,CPLID synthetic defect appears as missing/broken insulator disc or shed in the annotated defect box.
196,missing_disc_drop,visual_reviewed_contact_sheet,CPLID synthetic defect appears as missing/broken insulator disc or shed in the annotated defect box.
197,missing_disc_drop,visual_reviewed_contact_sheet,CPLID synthetic defect appears as missing/broken insulator disc or shed in the annotated defect box.
198,missing_disc_drop,visual_reviewed_contact_sheet,CPLID synthetic defect appears as missing/broken insulator disc or shed in the annotated defect box.
199,missing_disc_drop,visual_reviewed_contact_sheet,CPLID synthetic defect appears as missing/broken insulator disc or shed in the annotated defect box.
200,missing_disc_drop,visual_reviewed_contact_sheet,CPLID synthetic defect appears as missing/broken insulator disc or shed in the annotated defect box.
201,missing_disc_drop,visual_reviewed_contact_sheet,CPLID synthetic defect appears as missing/broken insulator disc or shed in the annotated defect box.
202,missing_disc_drop,visual_reviewed_contact_sheet,CPLID synthetic defect appears as missing/broken insulator disc or shed in the annotated defect box.
203,missing_disc_drop,visual_reviewed_contact_sheet,CPLID synthetic defect appears as missing/broken insulator disc or shed in the annotated defect box.
204,missing_disc_drop,visual_reviewed_contact_sheet,CPLID synthetic defect appears as missing/broken insulator disc or shed in the annotated defect box.
205,missing_disc_drop,visual_reviewed_contact_sheet,CPLID synthetic defect appears as missing/broken insulator disc or shed in the annotated defect box.
206,missing_disc_drop,visual_reviewed_contact_sheet,CPLID synthetic defect appears as missing/broken insulator disc or shed in the annotated defect box.
207,missing_disc_drop,visual_reviewed_contact_sheet,CPLID synthetic defect appears as missing/broken insulator disc or shed in the annotated defect box.
208,missing_disc_drop,visual_reviewed_contact_sheet,CPLID synthetic defect appears as missing/broken insulator disc or shed in the annotated defect box.
209,missing_disc_drop,visual_reviewed_contact_sheet,CPLID synthetic defect appears as missing/broken insulator disc or shed in the annotated defect box.
210,missing_disc_drop,visual_reviewed_contact_sheet,CPLID synthetic defect appears as missing/broken insulator disc or shed in the annotated defect box.
211,missing_disc_drop,visual_reviewed_contact_sheet,CPLID synthetic defect appears as missing/broken insulator disc or shed in the annotated defect box.
212,missing_disc_drop,visual_reviewed_contact_sheet,CPLID synthetic defect appears as missing/broken insulator disc or shed in the annotated defect box.
213,missing_disc_drop,visual_reviewed_contact_sheet,CPLID synthetic defect appears as missing/broken insulator disc or shed in the annotated defect box.
214,missing_disc_drop,visual_reviewed_contact_sheet,CPLID synthetic defect appears as missing/broken insulator disc or shed in the annotated defect box.
215,missing_disc_drop,visual_reviewed_contact_sheet,CPLID synthetic defect appears as missing/broken insulator disc or shed in the annotated defect box.
216,missing_disc_drop,visual_reviewed_contact_sheet,CPLID synthetic defect appears as missing/broken insulator disc or shed in the annotated defect box.
217,missing_disc_drop,visual_reviewed_contact_sheet,CPLID synthetic defect appears as missing/broken insulator disc or shed in the annotated defect box.
218,missing_disc_drop,visual_reviewed_contact_sheet,CPLID synthetic defect appears as missing/broken insulator disc or shed in the annotated defect box.
219,missing_disc_drop,visual_reviewed_contact_sheet,CPLID synthetic defect appears as missing/broken insulator disc or shed in the annotated defect box.
220,missing_disc_drop,visual_reviewed_contact_sheet,CPLID synthetic defect appears as missing/broken insulator disc or shed in the annotated defect box.
221,missing_disc_drop,visual_reviewed_contact_sheet,CPLID synthetic defect appears as missing/broken insulator disc or shed in the annotated defect box.
222,missing_disc_drop,visual_reviewed_contact_sheet,CPLID synthetic defect appears as missing/broken insulator disc or shed in the annotated defect box.
223,missing_disc_drop,visual_reviewed_contact_sheet,CPLID synthetic defect appears as missing/broken insulator disc or shed in the annotated defect box.
224,missing_disc_drop,visual_reviewed_contact_sheet,CPLID synthetic defect appears as missing/broken insulator disc or shed in the annotated defect box.
225,missing_disc_drop,visual_reviewed_contact_sheet,CPLID synthetic defect appears as missing/broken insulator disc or shed in the annotated defect box.
226,missing_disc_drop,visual_reviewed_contact_sheet,CPLID synthetic defect appears as missing/broken insulator disc or shed in the annotated defect box.
227,missing_disc_drop,visual_reviewed_contact_sheet,CPLID synthetic defect appears as missing/broken insulator disc or shed in the annotated defect box.
228,missing_disc_drop,visual_reviewed_contact_sheet,CPLID synthetic defect appears as missing/broken insulator disc or shed in the annotated defect box.
229,missing_disc_drop,visual_reviewed_contact_sheet,CPLID synthetic defect appears as missing/broken insulator disc or shed in the annotated defect box.
230,missing_disc_drop,visual_reviewed_contact_sheet,CPLID synthetic defect appears as missing/broken insulator disc or shed in the annotated defect box.
231,missing_disc_drop,visual_reviewed_contact_sheet,CPLID synthetic defect appears as missing/broken insulator disc or shed in the annotated defect box.
232,missing_disc_drop,visual_reviewed_contact_sheet,CPLID synthetic defect appears as missing/broken insulator disc or shed in the annotated defect box.
233,missing_disc_drop,visual_reviewed_contact_sheet,CPLID synthetic defect appears as missing/broken insulator disc or shed in the annotated defect box.
234,missing_disc_drop,visual_reviewed_contact_sheet,CPLID synthetic defect appears as missing/broken insulator disc or shed in the annotated defect box.
235,missing_disc_drop,visual_reviewed_contact_sheet,CPLID synthetic defect appears as missing/broken insulator disc or shed in the annotated defect box.
236,missing_disc_drop,visual_reviewed_contact_sheet,CPLID synthetic defect appears as missing/broken insulator disc or shed in the annotated defect box.
237,missing_disc_drop,visual_reviewed_contact_sheet,CPLID synthetic defect appears as missing/broken insulator disc or shed in the annotated defect box.
238,missing_disc_drop,visual_reviewed_contact_sheet,CPLID synthetic defect appears as missing/broken insulator disc or shed in the annotated defect box.
239,missing_disc_drop,visual_reviewed_contact_sheet,CPLID synthetic defect appears as missing/broken insulator disc or shed in the annotated defect box.
240,missing_disc_drop,visual_reviewed_contact_sheet,CPLID synthetic defect appears as missing/broken insulator disc or shed in the annotated defect box.
241,missing_disc_drop,visual_reviewed_contact_sheet,CPLID synthetic defect appears as missing/broken insulator disc or shed in the annotated defect box.
242,missing_disc_drop,visual_reviewed_contact_sheet,CPLID synthetic defect appears as missing/broken insulator disc or shed in the annotated defect box.
243,missing_disc_drop,visual_reviewed_contact_sheet,CPLID synthetic defect appears as missing/broken insulator disc or shed in the annotated defect box.
244,missing_disc_drop,visual_reviewed_contact_sheet,CPLID synthetic defect appears as missing/broken insulator disc or shed in the annotated defect box.
245,missing_disc_drop,visual_reviewed_contact_sheet,CPLID synthetic defect appears as missing/broken insulator disc or shed in the annotated defect box.
246,missing_disc_drop,visual_reviewed_contact_sheet,CPLID synthetic defect appears as missing/broken insulator disc or shed in the annotated defect box.
247,missing_disc_drop,visual_reviewed_contact_sheet,CPLID synthetic defect appears as missing/broken insulator disc or shed in the annotated defect box.
